[
    {
        "name": "Koromon",
        "img": "https://digimon.shadowsmith.com/img/koromon.jpg",
        "level": "In Training"
    },
    {
        "name": "Tsunomon",
        "img": "https://digimon.shadowsmith.com/img/tsunomon.jpg",
        "level": "In Training"
    },
    {
        "name": "Yokomon",
        "img": "https://digimon.shadowsmith.com/img/yokomon.jpg",
        "level": "In Training"
    },
    {
        "name": "Motimon",
        "img": "https://digimon.shadowsmith.com/img/motimon.jpg",
        "level": "In Training"
    },
    {
        "name": "Tanemon",
        "img": "https://digimon.shadowsmith.com/img/tanemon.jpg",
        "level": "In Training"
    },
    {
        "name": "Bukamon",
        "img": "https://digimon.shadowsmith.com/img/bukamon.jpg",
        "level": "In Training"
    },
    {
        "name": "Tokomon",
        "img": "https://digimon.shadowsmith.com/img/tokomon.jpg",
        "level": "In Training"
    },
    {
        "name": "Agumon",
        "img": "https://digimon.shadowsmith.com/img/agumon.jpg",
        "level": "Rookie"
    },
    {
        "name": "Gabumon",
        "img": "https://digimon.shadowsmith.com/img/gabumon.jpg",
        "level": "Rookie"
    },
    {
        "name": "Biyomon",
        "img": "https://digimon.shadowsmith.com/img/biyomon.jpg",
        "level": "Rookie"
    },
    {
        "name": "Tentomon",
        "img": "https://digimon.shadowsmith.com/img/tentomon.jpg",
        "level": "Rookie"
    },
    {
        "name": "Palmon",
        "img": "https://digimon.shadowsmith.com/img/palmon.jpg",
        "level": "Rookie"
    },
    {
        "name": "Gomamon",
        "img": "https://digimon.shadowsmith.com/img/gomamon.jpg",
        "level": "Rookie"
    },
    {
        "name": "Patamon",
        "img": "https://digimon.shadowsmith.com/img/patamon.jpg",
        "level": "Rookie"
    },
    {
        "name": "Kuwagamon",
        "img": "https://digimon.shadowsmith.com/img/kuwagamon.jpg",
        "level": "Champion"
    },
    {
        "name": "Greymon",
        "img": "https://digimon.shadowsmith.com/img/greymon.jpg",
        "level": "Champion"
    }
]